variant,disease,metric,value,full_model_value,delta
w/o Genetic Data,Type 2 Diabetes,AUROC,0.8663,0.916,-0.0497
w/o Ontology Graph,Type 2 Diabetes,AUROC,0.8741,0.916,-0.0419
w/o Attention Mechanism,Type 2 Diabetes,AUROC,0.8606,0.916,-0.0554
w/o EHR Sequences,Type 2 Diabetes,AUROC,0.8638,0.916,-0.0522
w/o Pre-training,Type 2 Diabetes,AUROC,0.8689,0.916,-0.0471
w/o Genetic Data,Type 2 Diabetes,AUPRC,0.9018,0.917,-0.0152
w/o Ontology Graph,Type 2 Diabetes,AUPRC,0.8847,0.917,-0.0323
w/o Attention Mechanism,Type 2 Diabetes,AUPRC,0.8723,0.917,-0.0447
w/o EHR Sequences,Type 2 Diabetes,AUPRC,0.8854,0.917,-0.0316
w/o Pre-training,Type 2 Diabetes,AUPRC,0.8959,0.917,-0.0211
w/o Genetic Data,Type 2 Diabetes,F1,0.8291,0.8875,-0.0584
w/o Ontology Graph,Type 2 Diabetes,F1,0.8552,0.8875,-0.0323
w/o Attention Mechanism,Type 2 Diabetes,F1,0.8822,0.8875,-0.0053
w/o EHR Sequences,Type 2 Diabetes,F1,0.8567,0.8875,-0.0308
w/o Pre-training,Type 2 Diabetes,F1,0.8517,0.8875,-0.0358
w/o Genetic Data,Type 2 Diabetes,Precision,0.819,0.8321,-0.0131
w/o Ontology Graph,Type 2 Diabetes,Precision,0.8138,0.8321,-0.0183
w/o Attention Mechanism,Type 2 Diabetes,Precision,0.8087,0.8321,-0.0234
w/o EHR Sequences,Type 2 Diabetes,Precision,0.8219,0.8321,-0.0102
w/o Pre-training,Type 2 Diabetes,Precision,0.8223,0.8321,-0.0098
w/o Genetic Data,Type 2 Diabetes,Recall,0.8376,0.885,-0.0474
w/o Ontology Graph,Type 2 Diabetes,Recall,0.8344,0.885,-0.0506
w/o Attention Mechanism,Type 2 Diabetes,Recall,0.8497,0.885,-0.0353
w/o EHR Sequences,Type 2 Diabetes,Recall,0.871,0.885,-0.014
w/o Pre-training,Type 2 Diabetes,Recall,0.8709,0.885,-0.0141
w/o Genetic Data,Coronary Heart Disease,AUROC,0.8099,0.8683,-0.0584
w/o Ontology Graph,Coronary Heart Disease,AUROC,0.86,0.8683,-0.0083
w/o Attention Mechanism,Coronary Heart Disease,AUROC,0.8408,0.8683,-0.0275
w/o EHR Sequences,Coronary Heart Disease,AUROC,0.841,0.8683,-0.0273
w/o Pre-training,Coronary Heart Disease,AUROC,0.8233,0.8683,-0.045
w/o Genetic Data,Coronary Heart Disease,AUPRC,0.8061,0.8348,-0.0287
w/o Ontology Graph,Coronary Heart Disease,AUPRC,0.7797,0.8348,-0.0551
w/o Attention Mechanism,Coronary Heart Disease,AUPRC,0.7834,0.8348,-0.0514
w/o EHR Sequences,Coronary Heart Disease,AUPRC,0.7996,0.8348,-0.0352
w/o Pre-training,Coronary Heart Disease,AUPRC,0.818,0.8348,-0.0168
w/o Genetic Data,Coronary Heart Disease,F1,0.8172,0.8771,-0.0599
w/o Ontology Graph,Coronary Heart Disease,F1,0.8468,0.8771,-0.0303
w/o Attention Mechanism,Coronary Heart Disease,F1,0.8496,0.8771,-0.0275
w/o EHR Sequences,Coronary Heart Disease,F1,0.85,0.8771,-0.0271
w/o Pre-training,Coronary Heart Disease,F1,0.8267,0.8771,-0.0504
w/o Genetic Data,Coronary Heart Disease,Precision,0.8144,0.873,-0.0586
w/o Ontology Graph,Coronary Heart Disease,Precision,0.8257,0.873,-0.0473
w/o Attention Mechanism,Coronary Heart Disease,Precision,0.8679,0.873,-0.0051
w/o EHR Sequences,Coronary Heart Disease,Precision,0.8672,0.873,-0.0058
w/o Pre-training,Coronary Heart Disease,Precision,0.8304,0.873,-0.0426
w/o Genetic Data,Coronary Heart Disease,Recall,0.889,0.8945,-0.0055
w/o Ontology Graph,Coronary Heart Disease,Recall,0.8479,0.8945,-0.0466
w/o Attention Mechanism,Coronary Heart Disease,Recall,0.8568,0.8945,-0.0377
w/o EHR Sequences,Coronary Heart Disease,Recall,0.8354,0.8945,-0.0591
w/o Pre-training,Coronary Heart Disease,Recall,0.8649,0.8945,-0.0296
w/o Genetic Data,CKD,AUROC,0.8693,0.9011,-0.0318
w/o Ontology Graph,CKD,AUROC,0.8534,0.9011,-0.0477
w/o Attention Mechanism,CKD,AUROC,0.8671,0.9011,-0.034
w/o EHR Sequences,CKD,AUROC,0.8679,0.9011,-0.0332
w/o Pre-training,CKD,AUROC,0.8558,0.9011,-0.0453
w/o Genetic Data,CKD,AUPRC,0.8681,0.9119,-0.0438
w/o Ontology Graph,CKD,AUPRC,0.883,0.9119,-0.0289
w/o Attention Mechanism,CKD,AUPRC,0.8625,0.9119,-0.0494
w/o EHR Sequences,CKD,AUPRC,0.875,0.9119,-0.0369
w/o Pre-training,CKD,AUPRC,0.8979,0.9119,-0.014
w/o Genetic Data,CKD,F1,0.8187,0.8699,-0.0512
w/o Ontology Graph,CKD,F1,0.8235,0.8699,-0.0464
w/o Attention Mechanism,CKD,F1,0.863,0.8699,-0.0069
w/o EHR Sequences,CKD,F1,0.8119,0.8699,-0.058
w/o Pre-training,CKD,F1,0.8159,0.8699,-0.054
w/o Genetic Data,CKD,Precision,0.8107,0.8435,-0.0328
w/o Ontology Graph,CKD,Precision,0.8058,0.8435,-0.0377
w/o Attention Mechanism,CKD,Precision,0.8015,0.8435,-0.042
w/o EHR Sequences,CKD,Precision,0.8005,0.8435,-0.043
w/o Pre-training,CKD,Precision,0.8115,0.8435,-0.032
w/o Genetic Data,CKD,Recall,0.8212,0.8504,-0.0292
w/o Ontology Graph,CKD,Recall,0.8229,0.8504,-0.0275
w/o Attention Mechanism,CKD,Recall,0.8078,0.8504,-0.0426
w/o EHR Sequences,CKD,Recall,0.8115,0.8504,-0.0389
w/o Pre-training,CKD,Recall,0.8263,0.8504,-0.0241
w/o Genetic Data,COPD,AUROC,0.8563,0.9052,-0.0489
w/o Ontology Graph,COPD,AUROC,0.8632,0.9052,-0.042
w/o Attention Mechanism,COPD,AUROC,0.8854,0.9052,-0.0198
w/o EHR Sequences,COPD,AUROC,0.8815,0.9052,-0.0237
w/o Pre-training,COPD,AUROC,0.8828,0.9052,-0.0224
w/o Genetic Data,COPD,AUPRC,0.8024,0.8333,-0.0309
w/o Ontology Graph,COPD,AUPRC,0.8085,0.8333,-0.0248
w/o Attention Mechanism,COPD,AUPRC,0.8131,0.8333,-0.0202
w/o EHR Sequences,COPD,AUPRC,0.7858,0.8333,-0.0475
w/o Pre-training,COPD,AUPRC,0.8003,0.8333,-0.033
w/o Genetic Data,COPD,F1,0.8406,0.8702,-0.0296
w/o Ontology Graph,COPD,F1,0.833,0.8702,-0.0372
w/o Attention Mechanism,COPD,F1,0.8378,0.8702,-0.0324
w/o EHR Sequences,COPD,F1,0.8334,0.8702,-0.0368
w/o Pre-training,COPD,F1,0.865,0.8702,-0.0052
w/o Genetic Data,COPD,Precision,0.9047,0.9119,-0.0072
w/o Ontology Graph,COPD,Precision,0.89,0.9119,-0.0219
w/o Attention Mechanism,COPD,Precision,0.8648,0.9119,-0.0471
w/o EHR Sequences,COPD,Precision,0.8654,0.9119,-0.0465
w/o Pre-training,COPD,Precision,0.9035,0.9119,-0.0084
w/o Genetic Data,COPD,Recall,0.8488,0.8637,-0.0149
w/o Ontology Graph,COPD,Recall,0.8251,0.8637,-0.0386
w/o Attention Mechanism,COPD,Recall,0.805,0.8637,-0.0587
w/o EHR Sequences,COPD,Recall,0.8555,0.8637,-0.0082
w/o Pre-training,COPD,Recall,0.8518,0.8637,-0.0119
w/o Genetic Data,Atrial Fibrillation,AUROC,0.8528,0.8943,-0.0415
w/o Ontology Graph,Atrial Fibrillation,AUROC,0.8396,0.8943,-0.0547
w/o Attention Mechanism,Atrial Fibrillation,AUROC,0.8703,0.8943,-0.024
w/o EHR Sequences,Atrial Fibrillation,AUROC,0.8369,0.8943,-0.0574
w/o Pre-training,Atrial Fibrillation,AUROC,0.8689,0.8943,-0.0254
w/o Genetic Data,Atrial Fibrillation,AUPRC,0.846,0.8643,-0.0183
w/o Ontology Graph,Atrial Fibrillation,AUPRC,0.8257,0.8643,-0.0386
w/o Attention Mechanism,Atrial Fibrillation,AUPRC,0.8199,0.8643,-0.0444
w/o EHR Sequences,Atrial Fibrillation,AUPRC,0.8575,0.8643,-0.0068
w/o Pre-training,Atrial Fibrillation,AUPRC,0.8047,0.8643,-0.0596
w/o Genetic Data,Atrial Fibrillation,F1,0.8452,0.8953,-0.0501
w/o Ontology Graph,Atrial Fibrillation,F1,0.8476,0.8953,-0.0477
w/o Attention Mechanism,Atrial Fibrillation,F1,0.8881,0.8953,-0.0072
w/o EHR Sequences,Atrial Fibrillation,F1,0.8693,0.8953,-0.026
w/o Pre-training,Atrial Fibrillation,F1,0.8719,0.8953,-0.0234
w/o Genetic Data,Atrial Fibrillation,Precision,0.8394,0.8633,-0.0239
w/o Ontology Graph,Atrial Fibrillation,Precision,0.8227,0.8633,-0.0406
w/o Attention Mechanism,Atrial Fibrillation,Precision,0.8434,0.8633,-0.0199
w/o EHR Sequences,Atrial Fibrillation,Precision,0.8363,0.8633,-0.027
w/o Pre-training,Atrial Fibrillation,Precision,0.832,0.8633,-0.0313
w/o Genetic Data,Atrial Fibrillation,Recall,0.8084,0.8322,-0.0238
w/o Ontology Graph,Atrial Fibrillation,Recall,0.7965,0.8322,-0.0357
w/o Attention Mechanism,Atrial Fibrillation,Recall,0.8007,0.8322,-0.0315
w/o EHR Sequences,Atrial Fibrillation,Recall,0.7924,0.8322,-0.0398
w/o Pre-training,Atrial Fibrillation,Recall,0.7946,0.8322,-0.0376
w/o Genetic Data,Heart Failure,AUROC,0.7779,0.8225,-0.0446
w/o Ontology Graph,Heart Failure,AUROC,0.7978,0.8225,-0.0247
w/o Attention Mechanism,Heart Failure,AUROC,0.7714,0.8225,-0.0511
w/o EHR Sequences,Heart Failure,AUROC,0.806,0.8225,-0.0165
w/o Pre-training,Heart Failure,AUROC,0.7777,0.8225,-0.0448
w/o Genetic Data,Heart Failure,AUPRC,0.8587,0.8967,-0.038
w/o Ontology Graph,Heart Failure,AUPRC,0.8802,0.8967,-0.0165
w/o Attention Mechanism,Heart Failure,AUPRC,0.8842,0.8967,-0.0125
w/o EHR Sequences,Heart Failure,AUPRC,0.8678,0.8967,-0.0289
w/o Pre-training,Heart Failure,AUPRC,0.8798,0.8967,-0.0169
w/o Genetic Data,Heart Failure,F1,0.8326,0.8458,-0.0132
w/o Ontology Graph,Heart Failure,F1,0.7889,0.8458,-0.0569
w/o Attention Mechanism,Heart Failure,F1,0.8025,0.8458,-0.0433
w/o EHR Sequences,Heart Failure,F1,0.832,0.8458,-0.0138
w/o Pre-training,Heart Failure,F1,0.7887,0.8458,-0.0571
w/o Genetic Data,Heart Failure,Precision,0.8414,0.872,-0.0306
w/o Ontology Graph,Heart Failure,Precision,0.8178,0.872,-0.0542
w/o Attention Mechanism,Heart Failure,Precision,0.8212,0.872,-0.0508
w/o EHR Sequences,Heart Failure,Precision,0.8222,0.872,-0.0498
w/o Pre-training,Heart Failure,Precision,0.8396,0.872,-0.0324
w/o Genetic Data,Heart Failure,Recall,0.8142,0.8377,-0.0235
w/o Ontology Graph,Heart Failure,Recall,0.8008,0.8377,-0.0369
w/o Attention Mechanism,Heart Failure,Recall,0.8271,0.8377,-0.0106
w/o EHR Sequences,Heart Failure,Recall,0.8199,0.8377,-0.0178
w/o Pre-training,Heart Failure,Recall,0.8201,0.8377,-0.0176
w/o Genetic Data,Asthma,AUROC,0.82,0.8672,-0.0472
w/o Ontology Graph,Asthma,AUROC,0.8238,0.8672,-0.0434
w/o Attention Mechanism,Asthma,AUROC,0.8135,0.8672,-0.0537
w/o EHR Sequences,Asthma,AUROC,0.8618,0.8672,-0.0054
w/o Pre-training,Asthma,AUROC,0.8241,0.8672,-0.0431
w/o Genetic Data,Asthma,AUPRC,0.8102,0.8512,-0.041
w/o Ontology Graph,Asthma,AUPRC,0.8324,0.8512,-0.0188
w/o Attention Mechanism,Asthma,AUPRC,0.7969,0.8512,-0.0543
w/o EHR Sequences,Asthma,AUPRC,0.835,0.8512,-0.0162
w/o Pre-training,Asthma,AUPRC,0.8217,0.8512,-0.0295
w/o Genetic Data,Asthma,F1,0.8312,0.8467,-0.0155
w/o Ontology Graph,Asthma,F1,0.7929,0.8467,-0.0538
w/o Attention Mechanism,Asthma,F1,0.8309,0.8467,-0.0158
w/o EHR Sequences,Asthma,F1,0.8349,0.8467,-0.0118
w/o Pre-training,Asthma,F1,0.8072,0.8467,-0.0395
w/o Genetic Data,Asthma,Precision,0.8754,0.9087,-0.0333
w/o Ontology Graph,Asthma,Precision,0.8744,0.9087,-0.0343
w/o Attention Mechanism,Asthma,Precision,0.8835,0.9087,-0.0252
w/o EHR Sequences,Asthma,Precision,0.8688,0.9087,-0.0399
w/o Pre-training,Asthma,Precision,0.8504,0.9087,-0.0583
w/o Genetic Data,Asthma,Recall,0.7923,0.8328,-0.0405
w/o Ontology Graph,Asthma,Recall,0.7788,0.8328,-0.054
w/o Attention Mechanism,Asthma,Recall,0.7934,0.8328,-0.0394
w/o EHR Sequences,Asthma,Recall,0.8271,0.8328,-0.0057
w/o Pre-training,Asthma,Recall,0.8022,0.8328,-0.0306
