disease,pathway,source,gene_count,enrichment_ratio,p_value,p_adjusted,rank
CKD,Collagen metabolic process,GO_BP,45,2.75,1.29e-08,5.60e-08,1
CKD,mTOR signaling pathway,KEGG,8,1.76,4.98e-08,3.16e-07,2
CKD,Response to oxidative stress,GO_BP,39,3.57,9.36e-08,6.35e-07,3
CKD,Wound healing,GO_BP,35,4.28,1.06e-07,1.02e-06,4
CKD,Toll-like receptor signaling pathway,KEGG,19,1.37,8.20e-07,2.57e-06,5
CKD,JAK-STAT signaling pathway,KEGG,41,1.72,4.97e-07,3.30e-06,6
CKD,Signaling by PDGF,Reactome,14,1.55,7.93e-07,3.94e-06,7
CKD,Oxidative phosphorylation,KEGG,23,3.15,6.88e-07,5.24e-06,8
CKD,Inflammatory response,GO_BP,26,4.28,3.92e-06,2.81e-05,9
CKD,Cytokine-cytokine receptor interaction,KEGG,11,3.93,1.36e-05,3.93e-05,10
CKD,ECM-receptor interaction,KEGG,10,2.05,1.94e-05,1.00e-04,11
CKD,NF-kappa B signaling pathway,KEGG,5,2.43,2.18e-05,1.44e-04,12
CKD,Cell cycle,KEGG,9,2.24,4.22e-05,1.59e-04,13
CKD,Cell proliferation,GO_BP,8,2.42,2.11e-05,1.85e-04,14
CKD,PI3K-Akt signaling pathway,KEGG,31,1.92,3.83e-05,3.34e-04,15
CKD,Immune response,GO_BP,31,4.24,7.51e-05,3.80e-04,16
CKD,Signaling by TGF-beta,Reactome,30,2.24,6.07e-05,4.58e-04,17
CKD,Notch signaling pathway,KEGG,29,2.53,2.08e-04,4.88e-04,18
CKD,p53 signaling pathway,KEGG,29,2.48,1.43e-04,1.17e-03,19
CKD,Wnt signaling pathway,KEGG,6,3.62,1.50e-04,1.22e-03,20
CKD,Chemokine signaling pathway,KEGG,28,4.47,2.47e-04,1.58e-03,21
CKD,MAPK signaling pathway,KEGG,28,1.66,2.04e-03,4.87e-03,22
CKD,Signaling by Interleukins,Reactome,39,2.08,1.66e-03,8.94e-03,23
CKD,Collagen fibril organization,GO_BP,34,3.01,1.11e-03,9.46e-03,24
CKD,Angiogenesis,GO_BP,31,1.29,1.06e-03,1.03e-02,25
CKD,Apoptosis,KEGG,17,4.39,1.66e-03,1.32e-02,26
CKD,Regulation of complement cascade,Reactome,27,4.33,1.90e-03,1.48e-02,27
CKD,Fibroblast proliferation,GO_BP,29,4.02,4.25e-03,1.82e-02,28
CKD,TGF-beta signaling pathway,KEGG,7,1.39,2.40e-03,1.99e-02,29
CKD,Signaling by VEGF,Reactome,23,3.93,3.00e-03,2.25e-02,30
CKD,Degradation of ECM,Reactome,6,3.4,5.47e-03,2.29e-02,31
CKD,Integrin cell surface interactions,Reactome,42,2.21,2.88e-03,2.41e-02,32
CKD,Cell adhesion molecules,KEGG,27,4.13,3.91e-03,2.62e-02,33
CKD,Extracellular matrix disassembly,Reactome,13,4.32,7.35e-03,2.66e-02,34
CKD,MET activates RAS signaling,Reactome,24,2.43,6.17e-03,2.98e-02,35
CKD,Collagen biosynthesis,Reactome,12,3.92,6.84e-03,3.70e-02,36
CKD,Focal adhesion,KEGG,39,3.21,1.30e-02,4.48e-02,37
CKD,Extracellular matrix organization,GO_BP,30,2.63,1.96e-02,4.92e-02,38
CKD,Hippo signaling pathway,KEGG,20,1.74,1.43e-02,1.23e-01,39
CKD,TNF signaling pathway,KEGG,37,1.48,2.91e-02,2.04e-01,40
IPF,MET activates RAS signaling,Reactome,37,3.37,1.04e-08,9.72e-08,1
IPF,Response to oxidative stress,GO_BP,29,2.11,1.50e-08,1.13e-07,2
IPF,Degradation of ECM,Reactome,12,2.18,7.60e-08,1.86e-07,3
IPF,Signaling by TGF-beta,Reactome,44,1.8,9.66e-08,2.90e-07,4
IPF,Apoptosis,KEGG,31,1.36,5.84e-08,3.92e-07,5
IPF,Collagen biosynthesis,Reactome,30,2.35,1.20e-07,5.57e-07,6
IPF,NF-kappa B signaling pathway,KEGG,45,1.95,1.12e-07,6.52e-07,7
IPF,Extracellular matrix organization,GO_BP,38,1.78,1.81e-07,1.20e-06,8
IPF,Collagen fibril organization,GO_BP,18,4.42,1.98e-07,1.29e-06,9
IPF,Integrin cell surface interactions,Reactome,17,1.37,4.92e-07,2.46e-06,10
IPF,Chemokine signaling pathway,KEGG,18,3.91,6.93e-07,2.93e-06,11
IPF,TNF signaling pathway,KEGG,45,3.76,7.02e-07,4.79e-06,12
IPF,Collagen metabolic process,GO_BP,21,3.46,7.99e-07,7.21e-06,13
IPF,Cell proliferation,GO_BP,34,1.6,2.56e-06,1.38e-05,14
IPF,Regulation of complement cascade,Reactome,14,1.2,2.89e-06,2.27e-05,15
IPF,Signaling by Interleukins,Reactome,8,1.26,3.17e-06,2.65e-05,16
IPF,p53 signaling pathway,KEGG,31,3.25,5.35e-06,3.12e-05,17
IPF,Extracellular matrix disassembly,Reactome,27,1.34,6.38e-06,4.83e-05,18
IPF,ECM-receptor interaction,KEGG,22,1.33,6.45e-06,6.38e-05,19
IPF,TGF-beta signaling pathway,KEGG,35,3.32,2.76e-05,1.31e-04,20
IPF,Focal adhesion,KEGG,10,3.42,1.37e-05,1.33e-04,21
IPF,Oxidative phosphorylation,KEGG,34,3.8,1.90e-05,1.65e-04,22
IPF,Signaling by PDGF,Reactome,37,4.12,2.96e-05,2.48e-04,23
IPF,Immune response,GO_BP,35,3.04,9.97e-05,3.25e-04,24
IPF,MAPK signaling pathway,KEGG,32,3.57,5.72e-05,3.87e-04,25
IPF,Wnt signaling pathway,KEGG,32,1.48,1.65e-04,4.96e-04,26
IPF,Signaling by VEGF,Reactome,44,4.18,1.60e-04,7.11e-04,27
IPF,Cell adhesion molecules,KEGG,41,4.19,1.03e-04,8.46e-04,28
IPF,Wound healing,GO_BP,5,1.44,1.05e-04,1.01e-03,29
IPF,mTOR signaling pathway,KEGG,38,2.73,3.26e-04,1.61e-03,30
IPF,Angiogenesis,GO_BP,10,3.31,5.11e-04,2.94e-03,31
IPF,Toll-like receptor signaling pathway,KEGG,20,1.91,1.83e-03,6.26e-03,32
IPF,Cytokine-cytokine receptor interaction,KEGG,27,1.57,1.67e-03,7.55e-03,33
IPF,Fibroblast proliferation,GO_BP,18,4.34,9.78e-04,7.81e-03,34
IPF,Notch signaling pathway,KEGG,31,2.18,3.82e-03,1.10e-02,35
IPF,Hippo signaling pathway,KEGG,18,4.41,2.21e-03,1.24e-02,36
IPF,Inflammatory response,GO_BP,9,3.69,5.88e-03,1.39e-02,37
IPF,PI3K-Akt signaling pathway,KEGG,34,1.85,4.17e-03,1.98e-02,38
IPF,Cell cycle,KEGG,29,3.88,4.27e-03,2.33e-02,39
IPF,JAK-STAT signaling pathway,KEGG,30,1.91,6.58e-03,3.39e-02,40
NASH,Immune response,GO_BP,16,3.25,1.16e-08,1.08e-07,1
NASH,Apoptosis,KEGG,23,2.95,2.93e-08,1.21e-07,2
NASH,Angiogenesis,GO_BP,17,1.64,4.63e-08,2.18e-07,3
NASH,Signaling by VEGF,Reactome,36,4.24,1.61e-07,4.61e-07,4
NASH,Integrin cell surface interactions,Reactome,20,1.23,6.90e-08,6.82e-07,5
NASH,Signaling by TGF-beta,Reactome,27,1.73,3.00e-07,7.88e-07,6
NASH,Chemokine signaling pathway,KEGG,20,3.19,4.92e-07,3.15e-06,7
NASH,Degradation of ECM,Reactome,37,2.49,1.51e-06,3.31e-06,8
NASH,Signaling by PDGF,Reactome,10,4.36,2.38e-06,5.93e-06,9
NASH,Cell proliferation,GO_BP,42,2.79,3.16e-06,7.33e-06,10
NASH,p53 signaling pathway,KEGG,21,3.5,9.18e-07,9.11e-06,11
NASH,JAK-STAT signaling pathway,KEGG,20,1.33,3.41e-06,1.62e-05,12
NASH,TNF signaling pathway,KEGG,19,4.43,3.82e-06,1.88e-05,13
NASH,NF-kappa B signaling pathway,KEGG,12,1.47,6.60e-06,1.89e-05,14
NASH,Collagen fibril organization,GO_BP,34,3.91,2.81e-06,2.46e-05,15
NASH,Notch signaling pathway,KEGG,11,3.94,5.53e-06,2.91e-05,16
NASH,mTOR signaling pathway,KEGG,11,2.54,4.99e-06,3.18e-05,17
NASH,Signaling by Interleukins,Reactome,40,2.65,3.62e-06,3.24e-05,18
NASH,MET activates RAS signaling,Reactome,20,4.37,2.27e-05,6.81e-05,19
NASH,Wnt signaling pathway,KEGG,40,1.6,1.51e-05,7.69e-05,20
NASH,Collagen biosynthesis,Reactome,35,3.96,8.06e-05,2.14e-04,21
NASH,Cytokine-cytokine receptor interaction,KEGG,28,1.28,5.14e-05,2.59e-04,22
NASH,Extracellular matrix organization,GO_BP,10,3.94,7.99e-05,2.79e-04,23
NASH,Extracellular matrix disassembly,Reactome,6,2.09,1.18e-04,3.20e-04,24
NASH,TGF-beta signaling pathway,KEGG,38,4.48,1.49e-04,3.31e-04,25
NASH,Regulation of complement cascade,Reactome,11,4.3,4.85e-05,4.09e-04,26
NASH,Fibroblast proliferation,GO_BP,29,3.41,2.58e-04,2.32e-03,27
NASH,Collagen metabolic process,GO_BP,26,3.37,5.51e-04,3.83e-03,28
NASH,Hippo signaling pathway,KEGG,43,2.98,7.25e-04,5.36e-03,29
NASH,Toll-like receptor signaling pathway,KEGG,24,2.23,1.54e-03,1.14e-02,30
NASH,MAPK signaling pathway,KEGG,36,1.29,2.66e-03,1.45e-02,31
NASH,PI3K-Akt signaling pathway,KEGG,40,2.74,9.92e-03,2.52e-02,32
NASH,Response to oxidative stress,GO_BP,38,2.97,1.11e-02,2.76e-02,33
NASH,Cell adhesion molecules,KEGG,13,1.53,3.76e-03,2.89e-02,34
NASH,ECM-receptor interaction,KEGG,7,2.99,4.11e-03,3.07e-02,35
NASH,Oxidative phosphorylation,KEGG,34,3.07,3.70e-03,3.48e-02,36
NASH,Wound healing,GO_BP,37,3.53,2.13e-02,1.21e-01,37
NASH,Inflammatory response,GO_BP,19,1.76,2.26e-02,1.50e-01,38
NASH,Cell cycle,KEGG,5,3.7,2.50e-02,1.62e-01,39
NASH,Focal adhesion,KEGG,15,1.75,1.73e-02,1.68e-01,40
Pulmonary Fibrosis,Toll-like receptor signaling pathway,KEGG,41,1.72,1.03e-08,4.21e-08,1
Pulmonary Fibrosis,Cell adhesion molecules,KEGG,33,4.3,1.03e-08,6.15e-08,2
Pulmonary Fibrosis,Angiogenesis,GO_BP,16,3.9,2.23e-08,7.04e-08,3
Pulmonary Fibrosis,MET activates RAS signaling,Reactome,30,2.86,1.40e-08,9.38e-08,4
Pulmonary Fibrosis,Focal adhesion,KEGG,8,3.77,3.17e-08,1.08e-07,5
Pulmonary Fibrosis,Inflammatory response,GO_BP,33,1.67,3.62e-08,3.59e-07,6
Pulmonary Fibrosis,NF-kappa B signaling pathway,KEGG,27,3.09,1.41e-07,4.26e-07,7
Pulmonary Fibrosis,Signaling by TGF-beta,Reactome,19,3.14,8.46e-08,5.35e-07,8
Pulmonary Fibrosis,Notch signaling pathway,KEGG,12,3.54,1.28e-07,6.16e-07,9
Pulmonary Fibrosis,Response to oxidative stress,GO_BP,10,2.2,2.96e-07,8.81e-07,10
Pulmonary Fibrosis,MAPK signaling pathway,KEGG,16,2.07,1.44e-07,1.30e-06,11
Pulmonary Fibrosis,Fibroblast proliferation,GO_BP,11,1.25,2.20e-07,1.41e-06,12
Pulmonary Fibrosis,Oxidative phosphorylation,KEGG,6,2.83,1.64e-07,1.49e-06,13
Pulmonary Fibrosis,Cytokine-cytokine receptor interaction,KEGG,12,1.86,2.86e-07,1.76e-06,14
Pulmonary Fibrosis,Chemokine signaling pathway,KEGG,24,2.66,1.89e-07,1.86e-06,15
Pulmonary Fibrosis,Degradation of ECM,Reactome,24,1.66,3.24e-07,1.86e-06,16
Pulmonary Fibrosis,mTOR signaling pathway,KEGG,42,1.59,2.67e-07,2.25e-06,17
Pulmonary Fibrosis,TGF-beta signaling pathway,KEGG,21,3.81,5.17e-07,4.00e-06,18
Pulmonary Fibrosis,TNF signaling pathway,KEGG,22,3.9,3.26e-06,2.09e-05,19
Pulmonary Fibrosis,Cell proliferation,GO_BP,29,2.81,3.24e-06,2.44e-05,20
Pulmonary Fibrosis,Signaling by PDGF,Reactome,15,1.96,1.35e-05,5.21e-05,21
Pulmonary Fibrosis,JAK-STAT signaling pathway,KEGG,8,4.09,1.55e-05,7.86e-05,22
Pulmonary Fibrosis,Regulation of complement cascade,Reactome,5,3.65,1.40e-05,1.04e-04,23
Pulmonary Fibrosis,ECM-receptor interaction,KEGG,38,3.31,3.90e-05,1.13e-04,24
Pulmonary Fibrosis,Signaling by Interleukins,Reactome,35,3.89,2.75e-05,2.60e-04,25
Pulmonary Fibrosis,p53 signaling pathway,KEGG,41,3.73,5.93e-05,2.68e-04,26
Pulmonary Fibrosis,PI3K-Akt signaling pathway,KEGG,42,4.47,1.22e-04,4.25e-04,27
Pulmonary Fibrosis,Integrin cell surface interactions,Reactome,10,3.44,3.93e-04,2.41e-03,28
Pulmonary Fibrosis,Immune response,GO_BP,35,1.37,3.67e-04,2.86e-03,29
Pulmonary Fibrosis,Cell cycle,KEGG,27,2.73,7.15e-04,3.89e-03,30
Pulmonary Fibrosis,Collagen biosynthesis,Reactome,9,3.78,1.61e-03,6.42e-03,31
Pulmonary Fibrosis,Wound healing,GO_BP,23,1.46,1.28e-03,6.84e-03,32
Pulmonary Fibrosis,Hippo signaling pathway,KEGG,40,1.75,1.67e-03,7.87e-03,33
Pulmonary Fibrosis,Collagen metabolic process,GO_BP,16,1.26,1.26e-03,1.18e-02,34
Pulmonary Fibrosis,Extracellular matrix organization,GO_BP,9,4.16,5.97e-03,1.53e-02,35
Pulmonary Fibrosis,Extracellular matrix disassembly,Reactome,41,1.98,1.78e-03,1.63e-02,36
Pulmonary Fibrosis,Wnt signaling pathway,KEGG,30,2.63,7.56e-03,2.03e-02,37
Pulmonary Fibrosis,Apoptosis,KEGG,14,4.19,5.98e-03,4.50e-02,38
Pulmonary Fibrosis,Signaling by VEGF,Reactome,9,1.89,1.34e-02,1.07e-01,39
Pulmonary Fibrosis,Collagen fibril organization,GO_BP,32,3.66,1.57e-02,1.09e-01,40
SSc_Connective_Tissue,Angiogenesis,GO_BP,12,3.55,1.33e-08,3.15e-08,1
SSc_Connective_Tissue,Cell proliferation,GO_BP,27,3.44,2.99e-08,1.29e-07,2
SSc_Connective_Tissue,Wnt signaling pathway,KEGG,42,3.24,2.67e-08,2.49e-07,3
SSc_Connective_Tissue,TNF signaling pathway,KEGG,26,3.87,6.16e-08,4.10e-07,4
SSc_Connective_Tissue,Hippo signaling pathway,KEGG,21,2.13,1.28e-07,4.85e-07,5
SSc_Connective_Tissue,mTOR signaling pathway,KEGG,21,2.04,1.38e-07,1.07e-06,6
SSc_Connective_Tissue,Integrin cell surface interactions,Reactome,34,1.59,2.61e-07,1.32e-06,7
SSc_Connective_Tissue,Regulation of complement cascade,Reactome,43,2.43,5.55e-07,1.70e-06,8
SSc_Connective_Tissue,JAK-STAT signaling pathway,KEGG,34,3.27,4.98e-07,3.14e-06,9
SSc_Connective_Tissue,Cell adhesion molecules,KEGG,33,2.1,1.30e-06,3.43e-06,10
SSc_Connective_Tissue,Toll-like receptor signaling pathway,KEGG,28,1.83,6.16e-07,3.82e-06,11
SSc_Connective_Tissue,TGF-beta signaling pathway,KEGG,28,1.69,3.96e-07,3.86e-06,12
SSc_Connective_Tissue,PI3K-Akt signaling pathway,KEGG,34,3.23,6.78e-07,5.25e-06,13
SSc_Connective_Tissue,Signaling by VEGF,Reactome,22,4.38,1.38e-06,9.44e-06,14
SSc_Connective_Tissue,Wound healing,GO_BP,22,4.18,1.65e-06,1.12e-05,15
SSc_Connective_Tissue,Apoptosis,KEGG,5,3.05,8.24e-06,2.53e-05,16
SSc_Connective_Tissue,Signaling by PDGF,Reactome,23,3.92,1.48e-05,5.30e-05,17
SSc_Connective_Tissue,Response to oxidative stress,GO_BP,44,1.25,1.29e-05,5.40e-05,18
SSc_Connective_Tissue,Immune response,GO_BP,17,1.5,4.35e-05,1.18e-04,19
SSc_Connective_Tissue,Signaling by TGF-beta,Reactome,42,1.28,2.75e-05,1.32e-04,20
SSc_Connective_Tissue,Signaling by Interleukins,Reactome,26,2.96,4.64e-05,1.68e-04,21
SSc_Connective_Tissue,Fibroblast proliferation,GO_BP,29,2.15,5.54e-05,1.91e-04,22
SSc_Connective_Tissue,p53 signaling pathway,KEGG,26,1.98,2.11e-05,2.09e-04,23
SSc_Connective_Tissue,MAPK signaling pathway,KEGG,34,3.63,8.73e-05,4.98e-04,24
SSc_Connective_Tissue,Focal adhesion,KEGG,5,2.93,8.73e-05,6.17e-04,25
SSc_Connective_Tissue,Chemokine signaling pathway,KEGG,43,2.63,2.41e-04,1.25e-03,26
SSc_Connective_Tissue,Oxidative phosphorylation,KEGG,12,3.66,1.45e-03,9.11e-03,27
SSc_Connective_Tissue,Cytokine-cytokine receptor interaction,KEGG,43,3.96,1.29e-03,1.15e-02,28
SSc_Connective_Tissue,Notch signaling pathway,KEGG,37,4.35,1.42e-03,1.33e-02,29
SSc_Connective_Tissue,Extracellular matrix disassembly,Reactome,38,4.36,4.32e-03,1.88e-02,30
SSc_Connective_Tissue,Collagen biosynthesis,Reactome,25,1.73,3.79e-03,3.32e-02,31
SSc_Connective_Tissue,Cell cycle,KEGG,26,2.03,4.14e-03,4.05e-02,32
SSc_Connective_Tissue,Collagen metabolic process,GO_BP,6,2.46,1.62e-02,4.07e-02,33
SSc_Connective_Tissue,NF-kappa B signaling pathway,KEGG,25,4.01,1.46e-02,5.57e-02,34
SSc_Connective_Tissue,Degradation of ECM,Reactome,28,4.22,2.19e-02,6.37e-02,35
SSc_Connective_Tissue,MET activates RAS signaling,Reactome,17,1.95,7.44e-03,7.04e-02,36
SSc_Connective_Tissue,Collagen fibril organization,GO_BP,12,1.24,9.63e-03,9.13e-02,37
SSc_Connective_Tissue,Extracellular matrix organization,GO_BP,32,1.7,2.16e-02,1.33e-01,38
SSc_Connective_Tissue,Inflammatory response,GO_BP,35,2.04,3.08e-02,1.65e-01,39
SSc_Connective_Tissue,ECM-receptor interaction,KEGG,11,2.66,3.01e-02,2.75e-01,40
Crohns_Disease,mTOR signaling pathway,KEGG,15,2.92,1.32e-08,4.78e-08,1
Crohns_Disease,Cytokine-cytokine receptor interaction,KEGG,30,3.12,1.08e-08,7.60e-08,2
Crohns_Disease,Signaling by VEGF,Reactome,6,1.71,3.62e-08,7.74e-08,3
Crohns_Disease,MET activates RAS signaling,Reactome,41,2.58,2.15e-08,1.00e-07,4
Crohns_Disease,Apoptosis,KEGG,39,2.81,5.46e-08,1.92e-07,5
Crohns_Disease,Cell proliferation,GO_BP,28,3.66,3.09e-08,2.64e-07,6
Crohns_Disease,Chemokine signaling pathway,KEGG,40,1.3,4.34e-08,3.19e-07,7
Crohns_Disease,Signaling by PDGF,Reactome,45,3.09,7.41e-08,6.76e-07,8
Crohns_Disease,JAK-STAT signaling pathway,KEGG,40,3.44,8.34e-08,7.31e-07,9
Crohns_Disease,Collagen metabolic process,GO_BP,29,1.94,1.18e-07,7.34e-07,10
Crohns_Disease,Signaling by TGF-beta,Reactome,12,4.02,1.36e-07,8.53e-07,11
Crohns_Disease,Cell adhesion molecules,KEGG,24,1.69,2.56e-07,1.57e-06,12
Crohns_Disease,Hippo signaling pathway,KEGG,27,2.39,2.61e-07,1.77e-06,13
Crohns_Disease,Extracellular matrix organization,GO_BP,11,4.12,3.85e-07,3.32e-06,14
Crohns_Disease,TNF signaling pathway,KEGG,29,3.59,5.83e-06,3.11e-05,15
Crohns_Disease,Fibroblast proliferation,GO_BP,38,2.2,9.77e-06,4.25e-05,16
Crohns_Disease,Oxidative phosphorylation,KEGG,45,3.33,8.10e-06,6.97e-05,17
Crohns_Disease,Degradation of ECM,Reactome,38,1.49,9.74e-06,8.70e-05,18
Crohns_Disease,Angiogenesis,GO_BP,7,2.18,1.63e-05,9.59e-05,19
Crohns_Disease,MAPK signaling pathway,KEGG,12,2.58,1.68e-05,1.03e-04,20
Crohns_Disease,TGF-beta signaling pathway,KEGG,17,3.37,1.69e-05,1.46e-04,21
Crohns_Disease,PI3K-Akt signaling pathway,KEGG,16,2.11,4.84e-05,2.33e-04,22
Crohns_Disease,Immune response,GO_BP,42,2.3,3.28e-05,2.71e-04,23
Crohns_Disease,Toll-like receptor signaling pathway,KEGG,17,2.97,2.17e-04,1.14e-03,24
Crohns_Disease,Integrin cell surface interactions,Reactome,14,4.08,5.36e-04,1.47e-03,25
Crohns_Disease,Wnt signaling pathway,KEGG,35,3.83,8.72e-04,3.89e-03,26
Crohns_Disease,Cell cycle,KEGG,39,3.6,5.46e-04,5.12e-03,27
Crohns_Disease,Collagen fibril organization,GO_BP,8,1.45,2.19e-03,5.59e-03,28
Crohns_Disease,Signaling by Interleukins,Reactome,9,2.02,1.92e-03,8.78e-03,29
Crohns_Disease,Wound healing,GO_BP,27,1.32,1.77e-03,1.08e-02,30
Crohns_Disease,Regulation of complement cascade,Reactome,13,2.0,7.35e-03,1.68e-02,31
Crohns_Disease,p53 signaling pathway,KEGG,7,3.49,1.85e-03,1.80e-02,32
Crohns_Disease,Collagen biosynthesis,Reactome,5,4.35,4.99e-03,1.89e-02,33
Crohns_Disease,Extracellular matrix disassembly,Reactome,19,2.59,2.32e-03,2.12e-02,34
Crohns_Disease,NF-kappa B signaling pathway,KEGG,41,4.49,3.67e-03,2.21e-02,35
Crohns_Disease,Response to oxidative stress,GO_BP,27,2.54,1.00e-02,3.80e-02,36
Crohns_Disease,Focal adhesion,KEGG,28,3.49,1.11e-02,4.95e-02,37
Crohns_Disease,Notch signaling pathway,KEGG,22,2.81,1.20e-02,6.28e-02,38
Crohns_Disease,ECM-receptor interaction,KEGG,31,2.5,1.62e-02,1.09e-01,39
Crohns_Disease,Inflammatory response,GO_BP,32,3.43,2.21e-02,1.66e-01,40
Fibrosis_of_Skin,Integrin cell surface interactions,Reactome,6,4.11,1.46e-08,3.97e-08,1
Fibrosis_of_Skin,Cell cycle,KEGG,34,3.52,3.36e-08,1.31e-07,2
Fibrosis_of_Skin,TNF signaling pathway,KEGG,5,2.1,4.41e-08,3.23e-07,3
Fibrosis_of_Skin,Signaling by TGF-beta,Reactome,22,1.76,4.35e-08,3.46e-07,4
Fibrosis_of_Skin,ECM-receptor interaction,KEGG,13,3.14,7.45e-08,4.40e-07,5
Fibrosis_of_Skin,Wnt signaling pathway,KEGG,22,2.27,1.03e-07,4.71e-07,6
Fibrosis_of_Skin,Signaling by PDGF,Reactome,6,2.79,1.18e-07,9.15e-07,7
Fibrosis_of_Skin,Signaling by VEGF,Reactome,19,2.04,1.65e-07,1.02e-06,8
Fibrosis_of_Skin,Signaling by Interleukins,Reactome,34,1.65,1.60e-07,1.08e-06,9
Fibrosis_of_Skin,Extracellular matrix disassembly,Reactome,9,1.73,7.87e-07,1.86e-06,10
Fibrosis_of_Skin,Collagen biosynthesis,Reactome,10,3.69,1.35e-06,4.64e-06,11
Fibrosis_of_Skin,Fibroblast proliferation,GO_BP,28,2.09,5.87e-07,5.21e-06,12
Fibrosis_of_Skin,Immune response,GO_BP,11,2.42,8.59e-07,5.46e-06,13
Fibrosis_of_Skin,Regulation of complement cascade,Reactome,37,2.77,7.54e-07,5.54e-06,14
Fibrosis_of_Skin,p53 signaling pathway,KEGG,20,4.04,1.93e-06,7.90e-06,15
Fibrosis_of_Skin,Collagen fibril organization,GO_BP,8,3.22,9.88e-07,9.14e-06,16
Fibrosis_of_Skin,MET activates RAS signaling,Reactome,43,3.01,2.17e-06,1.22e-05,17
Fibrosis_of_Skin,Cytokine-cytokine receptor interaction,KEGG,11,2.2,1.83e-06,1.57e-05,18
Fibrosis_of_Skin,Response to oxidative stress,GO_BP,34,2.39,6.09e-06,5.50e-05,19
Fibrosis_of_Skin,Apoptosis,KEGG,20,3.31,1.22e-05,9.91e-05,20
Fibrosis_of_Skin,MAPK signaling pathway,KEGG,33,2.53,2.23e-05,1.05e-04,21
Fibrosis_of_Skin,Chemokine signaling pathway,KEGG,20,2.69,1.62e-05,1.14e-04,22
Fibrosis_of_Skin,Cell adhesion molecules,KEGG,37,1.54,1.65e-05,1.20e-04,23
Fibrosis_of_Skin,Wound healing,GO_BP,26,2.63,3.88e-05,1.97e-04,24
Fibrosis_of_Skin,Inflammatory response,GO_BP,14,2.46,8.75e-05,4.37e-04,25
Fibrosis_of_Skin,Focal adhesion,KEGG,42,2.15,7.73e-04,2.22e-03,26
Fibrosis_of_Skin,Oxidative phosphorylation,KEGG,15,1.62,2.67e-04,2.42e-03,27
Fibrosis_of_Skin,PI3K-Akt signaling pathway,KEGG,21,2.71,6.54e-04,5.01e-03,28
Fibrosis_of_Skin,TGF-beta signaling pathway,KEGG,22,1.85,1.39e-03,7.05e-03,29
Fibrosis_of_Skin,Degradation of ECM,Reactome,13,2.18,4.18e-03,1.12e-02,30
Fibrosis_of_Skin,Notch signaling pathway,KEGG,13,3.29,1.77e-03,1.49e-02,31
Fibrosis_of_Skin,Cell proliferation,GO_BP,28,3.25,9.34e-03,2.29e-02,32
Fibrosis_of_Skin,mTOR signaling pathway,KEGG,20,3.66,2.53e-03,2.49e-02,33
Fibrosis_of_Skin,JAK-STAT signaling pathway,KEGG,18,2.02,1.23e-02,2.88e-02,34
Fibrosis_of_Skin,Toll-like receptor signaling pathway,KEGG,24,2.71,1.02e-02,5.18e-02,35
Fibrosis_of_Skin,Collagen metabolic process,GO_BP,29,3.66,7.63e-03,6.56e-02,36
Fibrosis_of_Skin,Hippo signaling pathway,KEGG,14,1.98,3.05e-02,1.04e-01,37
Fibrosis_of_Skin,Extracellular matrix organization,GO_BP,41,1.2,1.49e-02,1.39e-01,38
Fibrosis_of_Skin,NF-kappa B signaling pathway,KEGG,30,3.97,1.90e-02,1.67e-01,39
Fibrosis_of_Skin,Angiogenesis,GO_BP,24,4.35,3.04e-02,2.56e-01,40
